year,month,CapEx_Soft,CapEx_Project,CapEx_Turbine,CapEx_ArrayCableSystem,CapEx_ExportCableSystem,CapEx_OffshoreSubstationSystem,CapEx_ScourProtectionSystem,CapEx_MonopileSystem,CapEx_ArrayCableInstallation,CapEx_ExportCableInstallation,CapEx_MonopileInstallation,CapEx_OffshoreSubstationInstallation,CapEx_ScourProtectionInstallation,CapEx_TurbineInstallation,OpEx,Revenue,cash_flow,Energy Production (GWh),CapEx_Installation,CapEx_System
1995,1,-692529000.0,-0.0,-0.0,-0.0,-0.0,-0.0,-0.0,-0.0,-0.0,-0.0,-0.0,-0.0,-0.0,-0.0,-0.0,0.0,-692529000.0,0.0,0.0,0.0
1995,2,0.0,0.0,0.0,0.0,0.0,0.0,0.0,0.0,0.0,0.0,0.0,0.0,0.0,0.0,0.0,0.0,0.0,0.0,0.0,0.0
1995,3,0.0,0.0,0.0,0.0,0.0,0.0,0.0,0.0,0.0,0.0,0.0,0.0,0.0,0.0,0.0,0.0,0.0,0.0,0.0,0.0
1995,4,0.0,0.0,0.0,0.0,0.0,0.0,0.0,0.0,0.0,0.0,0.0,0.0,0.0,0.0,0.0,0.0,0.0,0.0,0.0,0.0
1995,5,0.0,0.0,0.0,0.0,0.0,0.0,0.0,0.0,0.0,0.0,0.0,0.0,0.0,0.0,0.0,0.0,0.0,0.0,0.0,0.0
1995,6,0.0,0.0,0.0,0.0,0.0,0.0,0.0,0.0,0.0,0.0,0.0,0.0,0.0,0.0,0.0,0.0,0.0,0.0,0.0,0.0
1995,7,0.0,0.0,0.0,0.0,0.0,0.0,0.0,0.0,0.0,0.0,0.0,0.0,0.0,0.0,0.0,0.0,0.0,0.0,0.0,0.0
1995,8,0.0,0.0,0.0,0.0,0.0,0.0,0.0,0.0,0.0,0.0,0.0,0.0,0.0,0.0,0.0,0.0,0.0,0.0,0.0,0.0
1995,9,0.0,0.0,0.0,0.0,0.0,0.0,0.0,0.0,0.0,0.0,0.0,0.0,0.0,0.0,0.0,0.0,0.0,0.0,0.0,0.0
1995,10,0.0,0.0,0.0,0.0,0.0,0.0,0.0,0.0,0.0,0.0,0.0,0.0,0.0,0.0,0.0,0.0,0.0,0.0,0.0,0.0
1995,11,0.0,0.0,0.0,0.0,0.0,0.0,0.0,0.0,0.0,0.0,0.0,0.0,0.0,0.0,0.0,0.0,0.0,0.0,0.0,0.0
1995,12,0.0,0.0,0.0,0.0,0.0,0.0,0.0,0.0,0.0,0.0,0.0,0.0,0.0,0.0,0.0,0.0,0.0,0.0,0.0,0.0
1996,1,-0.0,-24965322.5,-119531250.0,-3019773.292163438,-16743645.312500002,-5385384.375,-1237175.0,-37765787.76300007,-0.0,-0.0,-0.0,-0.0,-0.0,-0.0,-0.0,0.0,-208648338.2426635,0.0,0.0,-64151765.74266351
1996,2,0.0,0.0,0.0,0.0,0.0,0.0,0.0,0.0,0.0,0.0,0.0,0.0,0.0,0.0,0.0,0.0,0.0,0.0,0.0,0.0
1996,3,0.0,0.0,0.0,0.0,0.0,0.0,0.0,0.0,0.0,0.0,0.0,0.0,0.0,0.0,0.0,0.0,0.0,0.0,0.0,0.0
1996,4,-0.0,-0.0,-119531250.0,-3019773.292163438,-16743645.312500002,-5385384.375,-1237175.0,-37765787.76300007,-0.0,-0.0,-0.0,-0.0,-0.0,-0.0,-0.0,0.0,-183683015.7426635,0.0,0.0,-64151765.74266351
1996,5,0.0,0.0,0.0,0.0,0.0,0.0,0.0,0.0,0.0,0.0,0.0,0.0,0.0,0.0,0.0,0.0,0.0,0.0,0.0,0.0
1996,6,0.0,0.0,0.0,0.0,0.0,0.0,0.0,0.0,0.0,0.0,0.0,0.0,0.0,0.0,0.0,0.0,0.0,0.0,0.0,0.0
1996,7,-0.0,-24965322.5,-119531250.0,-3019773.292163438,-16743645.312500002,-5385384.375,-1237175.0,-37765787.76300007,-0.0,-0.0,-0.0,-0.0,-0.0,-0.0,-0.0,0.0,-208648338.2426635,0.0,0.0,-64151765.74266351
1996,8,0.0,0.0,0.0,0.0,0.0,0.0,0.0,0.0,0.0,0.0,0.0,0.0,0.0,0.0,0.0,0.0,0.0,0.0,0.0,0.0
1996,9,0.0,0.0,0.0,0.0,0.0,0.0,0.0,0.0,0.0,0.0,0.0,0.0,0.0,0.0,0.0,0.0,0.0,0.0,0.0,0.0
1996,10,-0.0,-0.0,-119531250.0,-3019773.292163438,-16743645.312500002,-5385384.375,-1237175.0,-37765787.76300007,-0.0,-0.0,-0.0,-0.0,-0.0,-0.0,-0.0,0.0,-183683015.7426635,0.0,0.0,-64151765.74266351
1996,11,0.0,0.0,0.0,0.0,0.0,0.0,0.0,0.0,0.0,0.0,0.0,0.0,0.0,0.0,0.0,0.0,0.0,0.0,0.0,0.0
1996,12,0.0,0.0,0.0,0.0,0.0,0.0,0.0,0.0,0.0,0.0,0.0,0.0,0.0,0.0,0.0,0.0,0.0,0.0,0.0,0.0
1997,1,-0.0,-24965322.5,-119531250.0,-3019773.292163438,-16743645.312500002,-5385384.375,-1237175.0,-37765787.76300007,-0.0,-0.0,-0.0,-0.0,-0.0,-0.0,-0.0,0.0,-208648338.2426635,0.0,0.0,-64151765.74266351
1997,2,0.0,0.0,0.0,0.0,0.0,0.0,0.0,0.0,0.0,0.0,0.0,0.0,0.0,0.0,0.0,0.0,0.0,0.0,0.0,0.0
1997,3,0.0,0.0,0.0,0.0,0.0,0.0,0.0,0.0,0.0,0.0,0.0,0.0,0.0,0.0,0.0,0.0,0.0,0.0,0.0,0.0
1997,4,-0.0,-0.0,-119531250.0,-3019773.292163438,-16743645.312500002,-5385384.375,-1237175.0,-37765787.76300007,-0.0,-0.0,-0.0,-0.0,-0.0,-0.0,-0.0,0.0,-183683015.7426635,0.0,0.0,-64151765.74266351
1997,5,0.0,0.0,0.0,0.0,0.0,0.0,0.0,0.0,0.0,0.0,0.0,0.0,0.0,0.0,0.0,0.0,0.0,0.0,0.0,0.0
1997,6,0.0,0.0,0.0,0.0,0.0,0.0,0.0,0.0,0.0,0.0,0.0,0.0,0.0,0.0,0.0,0.0,0.0,0.0,0.0,0.0
1997,7,-0.0,-24965322.5,-119531250.0,-3019773.292163438,-16743645.312500002,-5385384.375,-1237175.0,-37765787.76300007,-0.0,-0.0,-0.0,-0.0,-0.0,-0.0,-0.0,0.0,-208648338.2426635,0.0,0.0,-64151765.74266351
1997,8,0.0,0.0,0.0,0.0,0.0,0.0,0.0,0.0,0.0,0.0,0.0,0.0,0.0,0.0,0.0,0.0,0.0,0.0,0.0,0.0
1997,9,0.0,0.0,0.0,0.0,0.0,0.0,0.0,0.0,0.0,0.0,0.0,0.0,0.0,0.0,0.0,0.0,0.0,0.0,0.0,0.0
1997,10,-0.0,-0.0,-119531250.0,-3019773.292163438,-16743645.312500002,-5385384.375,-1237175.0,-37765787.76300007,-0.0,-0.0,-0.0,-0.0,-0.0,-0.0,-0.0,0.0,-183683015.7426635,0.0,0.0,-64151765.74266351
1997,11,0.0,0.0,0.0,0.0,0.0,0.0,0.0,0.0,0.0,0.0,0.0,0.0,0.0,0.0,0.0,0.0,0.0,0.0,0.0,0.0
1997,12,0.0,0.0,0.0,0.0,0.0,0.0,0.0,0.0,0.0,0.0,0.0,0.0,0.0,0.0,0.0,0.0,0.0,0.0,0.0,0.0
1998,1,-0.0,-0.0,-119531250.0,-3019773.292163438,-16743645.312500002,-5385384.375,-1237175.0,-37765787.76300007,-5931159.42578634,-10540176.677477939,-0.0,-5360820.216210046,-5885856.164383562,-0.0,-0.0,0.0,-211401028.22652137,0.0,-27718012.483857885,-64151765.74266351
1998,2,-0.0,-0.0,-0.0,-0.0,-0.0,-0.0,-0.0,-0.0,-5208027.938378982,-4842401.41215009,-0.0,-0.0,-5201095.890410959,-0.0,-0.0,0.0,-15251525.24094003,0.0,-15251525.24094003,0.0
1998,3,-0.0,-0.0,-0.0,-0.0,-0.0,-0.0,-0.0,-0.0,-5755852.641722555,-4557845.56283502,-3511955.9888853813,-0.0,-5773356.164383562,-0.0,-0.0,0.0,-19599010.357826516,0.0,-19599010.357826516,0.0
1998,4,-0.0,-0.0,-119531250.0,-3019773.292163438,-16743645.312500002,-5385384.375,-1237175.0,-37765787.76300007,-5565671.452471489,-0.0,-7408718.402233653,-0.0,-5580102.7397260275,-6272561.917808219,-0.0,0.0,-208510070.2549029,0.0,-24827054.51223939,-64151765.74266351
1998,5,-0.0,-0.0,-0.0,-0.0,-0.0,-0.0,-0.0,-0.0,-5763563.195271824,-0.0,-7618832.2624686975,-0.0,-5743356.164383562,-7637386.164383561,-0.0,0.0,-26763137.786507644,0.0,-26763137.786507644,0.0
1998,6,-0.0,-0.0,-0.0,-0.0,-0.0,-0.0,-0.0,-0.0,-5575710.0455241045,-0.0,-7298833.837811163,-0.0,-2057328.7671232885,-7369587.7397260275,-0.0,0.0,-22301460.39018458,0.0,-22301460.39018458,0.0
1998,7,-0.0,-0.0,-119531250.0,-3019773.292163438,-16743645.312500002,-5385384.375,-1237175.0,-37765787.76300007,-5740387.3249078905,-0.0,-7618832.2624686975,-0.0,-0.0,-7607381.164383561,-0.0,0.0,-204649616.49442366,0.0,-20966600.751760148,-64151765.74266351
1998,8,-0.0,-0.0,-0.0,-0.0,-0.0,-0.0,-0.0,-0.0,-5775738.640525504,-0.0,-7618832.2624686975,-0.0,-0.0,-7631836.164383561,-0.0,0.0,-21026407.06737776,0.0,-21026407.06737776,0.0
1998,9,-0.0,-0.0,-0.0,-0.0,-0.0,-0.0,-0.0,-0.0,-4641999.629002327,-0.0,-6365448.8430354325,-0.0,-0.0,-7369507.7397260275,-0.0,0.0,-18376956.211763784,0.0,-18376956.211763784,0.0
1998,10,-0.0,-0.0,-119531250.0,-3019773.292163438,-16743645.312500002,-5385384.375,-1237175.0,-37765787.76300007,-0.0,-0.0,-0.0,-0.0,-0.0,-7599806.164383561,-0.0,0.0,-191282821.90704706,0.0,-7599806.164383561,-64151765.74266351
1998,11,-0.0,-0.0,-0.0,-0.0,-0.0,-0.0,-0.0,-0.0,-0.0,-0.0,-0.0,-0.0,-0.0,-7394112.7397260275,-0.0,0.0,-7394112.7397260275,0.0,-7394112.7397260275,0.0
1998,12,-0.0,-0.0,-0.0,-0.0,-0.0,-0.0,-0.0,-0.0,-0.0,-0.0,-0.0,-0.0,-0.0,-7595761.164383561,-0.0,0.0,-7595761.164383561,0.0,-7595761.164383561,0.0
1999,1,-0.0,-0.0,-119531250.0,-3019773.292163438,-16743645.312500002,-5385384.375,-1237175.0,-37765787.76300007,-0.0,-0.0,-0.0,-0.0,-0.0,-2420944.7716894234,-0.0,0.0,-186103960.51435292,0.0,-2420944.7716894234,-64151765.74266351
1999,2,0.0,0.0,0.0,0.0,0.0,0.0,0.0,0.0,0.0,0.0,0.0,0.0,0.0,0.0,0.0,0.0,0.0,0.0,0.0,0.0
1999,3,0.0,0.0,0.0,0.0,0.0,0.0,0.0,0.0,0.0,0.0,0.0,0.0,0.0,0.0,0.0,0.0,0.0,0.0,0.0,0.0
1999,4,-0.0,-0.0,-119531250.0,-3019773.292163438,-16743645.312500002,-5385384.375,-1237175.0,-37765787.76300007,-0.0,-0.0,-0.0,-0.0,-0.0,-0.0,-0.0,0.0,-183683015.7426635,0.0,0.0,-64151765.74266351
1999,5,0.0,0.0,0.0,0.0,0.0,0.0,0.0,0.0,0.0,0.0,0.0,0.0,0.0,0.0,0.0,0.0,0.0,0.0,0.0,0.0
1999,6,0.0,0.0,0.0,0.0,0.0,0.0,0.0,0.0,0.0,0.0,0.0,0.0,0.0,0.0,0.0,0.0,0.0,0.0,0.0,0.0
1999,7,-0.0,-0.0,-119531250.0,-3019773.292163438,-16743645.312500002,-5385384.375,-1237175.0,-37765787.76300007,-0.0,-0.0,-0.0,-0.0,-0.0,-0.0,-0.0,0.0,-183683015.7426635,0.0,0.0,-64151765.74266351
1999,8,0.0,0.0,0.0,0.0,0.0,0.0,0.0,0.0,0.0,0.0,0.0,0.0,0.0,0.0,0.0,0.0,0.0,0.0,0.0,0.0
1999,9,0.0,0.0,0.0,0.0,0.0,0.0,0.0,0.0,0.0,0.0,0.0,0.0,0.0,0.0,0.0,0.0,0.0,0.0,0.0,0.0
1999,10,-0.0,-0.0,-119531250.0,-3019773.292163438,-16743645.312500002,-5385384.375,-1237175.0,-37765787.76300007,-0.0,-0.0,-0.0,-0.0,-0.0,-0.0,-0.0,0.0,-183683015.7426635,0.0,0.0,-64151765.74266351
1999,11,0.0,0.0,0.0,0.0,0.0,0.0,0.0,0.0,0.0,0.0,0.0,0.0,0.0,0.0,0.0,0.0,0.0,0.0,0.0,0.0
1999,12,0.0,0.0,0.0,0.0,0.0,0.0,0.0,0.0,0.0,0.0,0.0,0.0,0.0,0.0,0.0,0.0,0.0,0.0,0.0,0.0
2000,1,-0.0,-0.0,-0.0,-0.0,-0.0,-0.0,-0.0,-0.0,-0.0,-0.0,-0.0,-0.0,-0.0,-0.0,-1088571.7075214644,51319050.41677766,50230478.7092562,477.3865155049085,0.0,0.0
2000,2,-0.0,-0.0,-0.0,-0.0,-0.0,-0.0,-0.0,-0.0,-0.0,-0.0,-0.0,-0.0,-0.0,-0.0,-972681.2878835892,45338931.71804763,44366250.43016404,421.7575043539314,0.0,0.0
2000,3,-0.0,-0.0,-0.0,-0.0,-0.0,-0.0,-0.0,-0.0,-0.0,-0.0,-0.0,-0.0,-0.0,-0.0,-1061122.6249660146,49617804.16492527,48556681.53995925,461.560968976049,0.0,0.0
2000,4,-0.0,-0.0,-0.0,-0.0,-0.0,-0.0,-0.0,-0.0,-0.0,-0.0,-0.0,-0.0,-0.0,-0.0,-977421.9828035355,44784906.76915469,43807484.78635115,416.6037838991134,0.0,0.0
2000,5,-0.0,-0.0,-0.0,-0.0,-0.0,-0.0,-0.0,-0.0,-0.0,-0.0,-0.0,-0.0,-0.0,-0.0,-1077922.7375537697,37089122.31176704,36011199.574213274,345.01509127225154,0.0,0.0
2000,6,-0.0,-0.0,-0.0,-0.0,-0.0,-0.0,-0.0,-0.0,-0.0,-0.0,-0.0,-0.0,-0.0,-0.0,-5312566.0926548205,31006502.211400803,25693936.118745983,288.4325787107052,0.0,0.0
2000,7,-0.0,-0.0,-0.0,-0.0,-0.0,-0.0,-0.0,-0.0,-0.0,-0.0,-0.0,-0.0,-0.0,-0.0,-6023058.453993873,27306440.8841655,21283382.430171628,254.01340357363256,0.0,0.0
2000,8,-0.0,-0.0,-0.0,-0.0,-0.0,-0.0,-0.0,-0.0,-0.0,-0.0,-0.0,-0.0,-0.0,-0.0,-5172861.037509971,23651446.090997756,18478585.053487785,220.01345200928145,0.0,0.0
2000,9,-0.0,-0.0,-0.0,-0.0,-0.0,-0.0,-0.0,-0.0,-0.0,-0.0,-0.0,-0.0,-0.0,-0.0,-12279782.68648512,28962749.214967202,16682966.528482083,269.4209229299275,0.0,0.0
2000,10,-0.0,-0.0,-0.0,-0.0,-0.0,-0.0,-0.0,-0.0,-0.0,-0.0,-0.0,-0.0,-0.0,-0.0,-1261544.0581194838,43405081.68727378,42143537.629154295,403.76820174208166,0.0,0.0
2000,11,-0.0,-0.0,-0.0,-0.0,-0.0,-0.0,-0.0,-0.0,-0.0,-0.0,-0.0,-0.0,-0.0,-0.0,-9005834.589146746,45874787.60844027,36868953.019293524,426.7422103110723,0.0,0.0
2000,12,-0.0,-0.0,-0.0,-0.0,-0.0,-0.0,-0.0,-0.0,-0.0,-0.0,-0.0,-0.0,-0.0,-0.0,-10793089.109417425,50916678.42999754,40123589.32058012,473.6435202790469,0.0,0.0
2001,1,-0.0,-0.0,-0.0,-0.0,-0.0,-0.0,-0.0,-0.0,-0.0,-0.0,-0.0,-0.0,-0.0,-0.0,-2884592.424603874,49056125.66543259,46171533.240828715,456.3360527016985,0.0,0.0
2001,2,-0.0,-0.0,-0.0,-0.0,-0.0,-0.0,-0.0,-0.0,-0.0,-0.0,-0.0,-0.0,-0.0,-0.0,-9848127.99128909,41744047.904291205,31895919.913002115,388.316724691081,0.0,0.0
2001,3,-0.0,-0.0,-0.0,-0.0,-0.0,-0.0,-0.0,-0.0,-0.0,-0.0,-0.0,-0.0,-0.0,-0.0,-6682859.262919508,46228471.69133507,39545612.42841556,430.0322948031169,0.0,0.0
2001,4,-0.0,-0.0,-0.0,-0.0,-0.0,-0.0,-0.0,-0.0,-0.0,-0.0,-0.0,-0.0,-0.0,-0.0,-2429611.502180001,44064482.71749918,41634871.21531918,409.9021648139459,0.0,0.0
2001,5,-0.0,-0.0,-0.0,-0.0,-0.0,-0.0,-0.0,-0.0,-0.0,-0.0,-0.0,-0.0,-0.0,-0.0,-10681698.922611654,36914354.1645468,26232655.24193515,343.38934106555166,0.0,0.0
2001,6,-0.0,-0.0,-0.0,-0.0,-0.0,-0.0,-0.0,-0.0,-0.0,-0.0,-0.0,-0.0,-0.0,-0.0,-974901.8629153571,31291368.298642397,30316466.43572704,291.0824958013246,0.0,0.0
2001,7,-0.0,-0.0,-0.0,-0.0,-0.0,-0.0,-0.0,-0.0,-0.0,-0.0,-0.0,-0.0,-0.0,-0.0,-1021642.7611673574,27307272.780366052,26285630.019198693,254.02114214294002,0.0,0.0
2001,8,-0.0,-0.0,-0.0,-0.0,-0.0,-0.0,-0.0,-0.0,-0.0,-0.0,-0.0,-0.0,-0.0,-0.0,-3471932.744698517,23265236.745643694,19793304.000945177,216.4208069362204,0.0,0.0
2001,9,-0.0,-0.0,-0.0,-0.0,-0.0,-0.0,-0.0,-0.0,-0.0,-0.0,-0.0,-0.0,-0.0,-0.0,-10670260.726147033,29000986.666842293,18330725.94069526,269.7766201566725,0.0,0.0
2001,10,-0.0,-0.0,-0.0,-0.0,-0.0,-0.0,-0.0,-0.0,-0.0,-0.0,-0.0,-0.0,-0.0,-0.0,-1002922.647856571,43872886.323627874,42869963.6757713,408.1198727779337,0.0,0.0
2001,11,-0.0,-0.0,-0.0,-0.0,-0.0,-0.0,-0.0,-0.0,-0.0,-0.0,-0.0,-0.0,-0.0,-0.0,-5446350.872427407,45922203.91202153,40475853.03959413,427.18329220485145,0.0,0.0
2001,12,-0.0,-0.0,-0.0,-0.0,-0.0,-0.0,-0.0,-0.0,-0.0,-0.0,-0.0,-0.0,-0.0,-0.0,-3821885.8176945033,51440305.74626848,47618419.92857398,478.51447205831147,0.0,0.0
2002,1,-0.0,-0.0,-0.0,-0.0,-0.0,-0.0,-0.0,-0.0,-0.0,-0.0,-0.0,-0.0,-0.0,-0.0,-10557725.37681785,49490725.12167919,38932999.744861335,460.37883834120174,0.0,0.0
2002,2,-0.0,-0.0,-0.0,-0.0,-0.0,-0.0,-0.0,-0.0,-0.0,-0.0,-0.0,-0.0,-0.0,-0.0,-4213657.851790173,41647829.713898264,37434171.86210809,387.42167175719317,0.0,0.0
2002,3,-0.0,-0.0,-0.0,-0.0,-0.0,-0.0,-0.0,-0.0,-0.0,-0.0,-0.0,-0.0,-0.0,-0.0,-3437742.356224151,46103250.25354951,42665507.89732536,428.8674442190652,0.0,0.0
2002,4,-0.0,-0.0,-0.0,-0.0,-0.0,-0.0,-0.0,-0.0,-0.0,-0.0,-0.0,-0.0,-0.0,-0.0,-3284742.735616699,42535731.39493214,39250988.659315445,395.68122227843855,0.0,0.0
2002,5,-0.0,-0.0,-0.0,-0.0,-0.0,-0.0,-0.0,-0.0,-0.0,-0.0,-0.0,-0.0,-0.0,-0.0,-3305722.7412528154,37254305.35875488,33948582.61750206,346.5516777558593,0.0,0.0
2002,6,-0.0,-0.0,-0.0,-0.0,-0.0,-0.0,-0.0,-0.0,-0.0,-0.0,-0.0,-0.0,-0.0,-0.0,-4260259.209486335,31087175.553693213,26826916.344206877,289.1830284064485,0.0,0.0
2002,7,-0.0,-0.0,-0.0,-0.0,-0.0,-0.0,-0.0,-0.0,-0.0,-0.0,-0.0,-0.0,-0.0,-0.0,-7280694.3052338585,27111865.85861097,19831171.55337711,252.203403335916,0.0,0.0
2002,8,-0.0,-0.0,-0.0,-0.0,-0.0,-0.0,-0.0,-0.0,-0.0,-0.0,-0.0,-0.0,-0.0,-0.0,-6147467.3440139275,23480291.918595627,17332824.574581698,218.42132017298258,0.0,0.0
2002,9,-0.0,-0.0,-0.0,-0.0,-0.0,-0.0,-0.0,-0.0,-0.0,-0.0,-0.0,-0.0,-0.0,-0.0,-5901482.15220535,29116616.975256633,23215134.82305128,270.8522509326198,0.0,0.0
2002,10,-0.0,-0.0,-0.0,-0.0,-0.0,-0.0,-0.0,-0.0,-0.0,-0.0,-0.0,-0.0,-0.0,-0.0,-9634355.249726636,43271268.517762765,33636913.26803613,402.52342807221174,0.0,0.0
2002,11,-0.0,-0.0,-0.0,-0.0,-0.0,-0.0,-0.0,-0.0,-0.0,-0.0,-0.0,-0.0,-0.0,-0.0,-10632475.49276573,45824842.81699351,35192367.32422778,426.27760759993964,0.0,0.0
2002,12,-0.0,-0.0,-0.0,-0.0,-0.0,-0.0,-0.0,-0.0,-0.0,-0.0,-0.0,-0.0,-0.0,-0.0,-1075786.7665394903,50873628.902450025,49797842.13591053,473.2430595576746,0.0,0.0
2003,1,-0.0,-0.0,-0.0,-0.0,-0.0,-0.0,-0.0,-0.0,-0.0,-0.0,-0.0,-0.0,-0.0,-0.0,-4796577.347845578,51131663.583304256,46335086.23545868,475.64338217027216,0.0,0.0
2003,2,-0.0,-0.0,-0.0,-0.0,-0.0,-0.0,-0.0,-0.0,-0.0,-0.0,-0.0,-0.0,-0.0,-0.0,-8926213.421149267,41672223.71107315,32746010.289923884,387.6485926611456,0.0,0.0
2003,3,-0.0,-0.0,-0.0,-0.0,-0.0,-0.0,-0.0,-0.0,-0.0,-0.0,-0.0,-0.0,-0.0,-0.0,-2890072.00720476,46503732.99549196,43613660.988287196,432.5928650743438,0.0,0.0
2003,4,-0.0,-0.0,-0.0,-0.0,-0.0,-0.0,-0.0,-0.0,-0.0,-0.0,-0.0,-0.0,-0.0,-0.0,-1760933.349447546,42045900.335169144,40284966.985721596,391.1246542806432,0.0,0.0
2003,5,-0.0,-0.0,-0.0,-0.0,-0.0,-0.0,-0.0,-0.0,-0.0,-0.0,-0.0,-0.0,-0.0,-0.0,-1608561.0041335982,35831157.56567563,34222596.561542034,333.3130936341919,0.0,0.0
2003,6,-0.0,-0.0,-0.0,-0.0,-0.0,-0.0,-0.0,-0.0,-0.0,-0.0,-0.0,-0.0,-0.0,-0.0,-11480930.46468839,30874766.166158315,19393835.701469924,287.2071271270541,0.0,0.0
2003,7,-0.0,-0.0,-0.0,-0.0,-0.0,-0.0,-0.0,-0.0,-0.0,-0.0,-0.0,-0.0,-0.0,-0.0,-2556680.4348152564,27286363.76261188,24729683.327796623,253.82663965220354,0.0,0.0
2003,8,-0.0,-0.0,-0.0,-0.0,-0.0,-0.0,-0.0,-0.0,-0.0,-0.0,-0.0,-0.0,-0.0,-0.0,-4698218.397393216,23348186.524265256,18649968.12687204,217.19243278386284,0.0,0.0
2003,9,-0.0,-0.0,-0.0,-0.0,-0.0,-0.0,-0.0,-0.0,-0.0,-0.0,-0.0,-0.0,-0.0,-0.0,-10126821.714001382,28819126.043335833,18692304.329334453,268.08489342637984,0.0,0.0
2003,10,-0.0,-0.0,-0.0,-0.0,-0.0,-0.0,-0.0,-0.0,-0.0,-0.0,-0.0,-0.0,-0.0,-0.0,-1589358.8125295767,43837921.04122037,42248562.22869079,407.79461433693365,0.0,0.0
2003,11,-0.0,-0.0,-0.0,-0.0,-0.0,-0.0,-0.0,-0.0,-0.0,-0.0,-0.0,-0.0,-0.0,-0.0,-8790456.050888462,45500212.821108826,36709756.77022036,423.25779368473326,0.0,0.0
2003,12,-0.0,-0.0,-0.0,-0.0,-0.0,-0.0,-0.0,-0.0,-0.0,-0.0,-0.0,-0.0,-0.0,-0.0,-1108654.7019924251,50786886.995615184,49678232.29362276,472.4361580987459,0.0,0.0
2004,1,-0.0,-0.0,-0.0,-0.0,-0.0,-0.0,-0.0,-0.0,-0.0,-0.0,-0.0,-0.0,-0.0,-0.0,-2358572.2533425745,51550473.80827422,49191901.55493164,479.5392912397602,0.0,0.0
2004,2,-0.0,-0.0,-0.0,-0.0,-0.0,-0.0,-0.0,-0.0,-0.0,-0.0,-0.0,-0.0,-0.0,-0.0,-3059582.0219507418,43027155.21372907,39967573.191778325,400.2526066393402,0.0,0.0
2004,3,-0.0,-0.0,-0.0,-0.0,-0.0,-0.0,-0.0,-0.0,-0.0,-0.0,-0.0,-0.0,-0.0,-0.0,-3887002.5969278105,45924821.81399177,42037819.21706396,427.2076447813188,0.0,0.0
2004,4,-0.0,-0.0,-0.0,-0.0,-0.0,-0.0,-0.0,-0.0,-0.0,-0.0,-0.0,-0.0,-0.0,-0.0,-12525583.28423004,40955513.99316808,28429930.70893804,380.98152551784256,0.0,0.0
2004,5,-0.0,-0.0,-0.0,-0.0,-0.0,-0.0,-0.0,-0.0,-0.0,-0.0,-0.0,-0.0,-0.0,-0.0,-5834858.659004394,35263262.56116647,29428403.90216208,328.0303494061998,0.0,0.0
2004,6,-0.0,-0.0,-0.0,-0.0,-0.0,-0.0,-0.0,-0.0,-0.0,-0.0,-0.0,-0.0,-0.0,-0.0,-3229822.0179656018,31187993.01887997,27958171.000914365,290.1208652919067,0.0,0.0
2004,7,-0.0,-0.0,-0.0,-0.0,-0.0,-0.0,-0.0,-0.0,-0.0,-0.0,-0.0,-0.0,-0.0,-0.0,-2255882.293096985,27552449.31516638,25296567.022069395,256.30185409457096,0.0,0.0
2004,8,-0.0,-0.0,-0.0,-0.0,-0.0,-0.0,-0.0,-0.0,-0.0,-0.0,-0.0,-0.0,-0.0,-0.0,-12906592.746970648,23081387.564513743,10174794.817543095,214.71058199547667,0.0,0.0
2004,9,-0.0,-0.0,-0.0,-0.0,-0.0,-0.0,-0.0,-0.0,-0.0,-0.0,-0.0,-0.0,-0.0,-0.0,-3157049.061725224,29312563.57644486,26155514.514719635,272.67501001344056,0.0,0.0
2004,10,-0.0,-0.0,-0.0,-0.0,-0.0,-0.0,-0.0,-0.0,-0.0,-0.0,-0.0,-0.0,-0.0,-0.0,-1009450.6849743954,43973749.95578995,42964299.27081556,409.0581391236274,0.0,0.0
2004,11,-0.0,-0.0,-0.0,-0.0,-0.0,-0.0,-0.0,-0.0,-0.0,-0.0,-0.0,-0.0,-0.0,-0.0,-3310651.095043396,45891344.063448966,42580692.96840557,426.8962238460369,0.0,0.0
2004,12,-0.0,-0.0,-0.0,-0.0,-0.0,-0.0,-0.0,-0.0,-0.0,-0.0,-0.0,-0.0,-0.0,-0.0,-11121442.837449428,51372383.198195584,40250940.36074616,477.88263440181936,0.0,0.0
2005,1,-0.0,-0.0,-0.0,-0.0,-0.0,-0.0,-0.0,-0.0,-0.0,-0.0,-0.0,-0.0,-0.0,-0.0,-5468618.217177636,51905017.64388426,46436399.42670662,482.8373734314814,0.0,0.0
2005,2,-0.0,-0.0,-0.0,-0.0,-0.0,-0.0,-0.0,-0.0,-0.0,-0.0,-0.0,-0.0,-0.0,-0.0,-8417881.521715604,43648145.02873781,35230263.50702221,406.02925608128197,0.0,0.0
2005,3,-0.0,-0.0,-0.0,-0.0,-0.0,-0.0,-0.0,-0.0,-0.0,-0.0,-0.0,-0.0,-0.0,-0.0,-7056309.948540786,46264472.69666057,39208162.74811979,430.3671878759123,0.0,0.0
2005,4,-0.0,-0.0,-0.0,-0.0,-0.0,-0.0,-0.0,-0.0,-0.0,-0.0,-0.0,-0.0,-0.0,-0.0,-4949795.745440255,41709649.73868431,36759853.99324406,387.9967417552029,0.0,0.0
2005,5,-0.0,-0.0,-0.0,-0.0,-0.0,-0.0,-0.0,-0.0,-0.0,-0.0,-0.0,-0.0,-0.0,-0.0,-1178462.7327355845,34886626.579637796,33708163.846902214,324.5267588803516,0.0,0.0
2005,6,-0.0,-0.0,-0.0,-0.0,-0.0,-0.0,-0.0,-0.0,-0.0,-0.0,-0.0,-0.0,-0.0,-0.0,-8152398.760923402,30518884.741603512,22366485.980680108,283.89660224747456,0.0,0.0
2005,7,-0.0,-0.0,-0.0,-0.0,-0.0,-0.0,-0.0,-0.0,-0.0,-0.0,-0.0,-0.0,-0.0,-0.0,-1029802.6566435993,27341806.677890267,26312004.021246668,254.3423877013048,0.0,0.0
2005,8,-0.0,-0.0,-0.0,-0.0,-0.0,-0.0,-0.0,-0.0,-0.0,-0.0,-0.0,-0.0,-0.0,-0.0,-7807280.794053366,23040028.577426195,15232747.783372829,214.3258472318716,0.0,0.0
2005,9,-0.0,-0.0,-0.0,-0.0,-0.0,-0.0,-0.0,-0.0,-0.0,-0.0,-0.0,-0.0,-0.0,-0.0,-5154663.505158706,29115163.661053874,23960500.155895166,270.8387317307337,0.0,0.0
2005,10,-0.0,-0.0,-0.0,-0.0,-0.0,-0.0,-0.0,-0.0,-0.0,-0.0,-0.0,-0.0,-0.0,-0.0,-8908528.590005111,43071460.16882088,34162931.57881577,400.66474575647334,0.0,0.0
2005,11,-0.0,-0.0,-0.0,-0.0,-0.0,-0.0,-0.0,-0.0,-0.0,-0.0,-0.0,-0.0,-0.0,-0.0,-8666746.502960091,45733503.10516288,37066756.60220279,425.4279358619803,0.0,0.0
2005,12,-0.0,-0.0,-0.0,-0.0,-0.0,-0.0,-0.0,-0.0,-0.0,-0.0,-0.0,-0.0,-0.0,-0.0,-1055722.7170721982,51428627.35313538,50372904.63606318,478.40583584311975,0.0,0.0
2006,1,-0.0,-0.0,-0.0,-0.0,-0.0,-0.0,-0.0,-0.0,-0.0,-0.0,-0.0,-0.0,-0.0,-0.0,-5787083.390465279,51313680.33910844,45526596.948643155,477.336561294032,0.0,0.0
2006,2,-0.0,-0.0,-0.0,-0.0,-0.0,-0.0,-0.0,-0.0,-0.0,-0.0,-0.0,-0.0,-0.0,-0.0,-8664336.561935961,44307208.554925606,35642871.992989644,412.1600795807033,0.0,0.0
2006,3,-0.0,-0.0,-0.0,-0.0,-0.0,-0.0,-0.0,-0.0,-0.0,-0.0,-0.0,-0.0,-0.0,-0.0,-3746923.971004575,47171427.26134002,43424503.29033545,438.80397452409323,0.0,0.0
2006,4,-0.0,-0.0,-0.0,-0.0,-0.0,-0.0,-0.0,-0.0,-0.0,-0.0,-0.0,-0.0,-0.0,-0.0,-10761658.886603761,41129105.022732936,30367446.136129174,382.5963257928645,0.0,0.0
2006,5,-0.0,-0.0,-0.0,-0.0,-0.0,-0.0,-0.0,-0.0,-0.0,-0.0,-0.0,-0.0,-0.0,-0.0,-9928986.639409097,34037210.93196384,24108224.292554744,316.6252179717566,0.0,0.0
2006,6,-0.0,-0.0,-0.0,-0.0,-0.0,-0.0,-0.0,-0.0,-0.0,-0.0,-0.0,-0.0,-0.0,-0.0,-3303969.584098315,30353658.093083758,27049688.508985445,282.359610168221,0.0,0.0
2006,7,-0.0,-0.0,-0.0,-0.0,-0.0,-0.0,-0.0,-0.0,-0.0,-0.0,-0.0,-0.0,-0.0,-0.0,-11821315.60519639,27151086.112701103,15329770.507504713,252.56824290884745,0.0,0.0
2006,8,-0.0,-0.0,-0.0,-0.0,-0.0,-0.0,-0.0,-0.0,-0.0,-0.0,-0.0,-0.0,-0.0,-0.0,-4314623.278552098,23252185.56940892,18937562.290856823,216.29940064566438,0.0,0.0
2006,9,-0.0,-0.0,-0.0,-0.0,-0.0,-0.0,-0.0,-0.0,-0.0,-0.0,-0.0,-0.0,-0.0,-0.0,-971781.9345007743,29295632.445157915,28323850.510657143,272.51751111774803,0.0,0.0
2006,10,-0.0,-0.0,-0.0,-0.0,-0.0,-0.0,-0.0,-0.0,-0.0,-0.0,-0.0,-0.0,-0.0,-0.0,-1021282.6127315853,43207098.43076049,42185815.818028904,401.9264970303301,0.0,0.0
2006,11,-0.0,-0.0,-0.0,-0.0,-0.0,-0.0,-0.0,-0.0,-0.0,-0.0,-0.0,-0.0,-0.0,-0.0,-3562631.1427545017,45916443.32400279,42353812.181248285,427.1297053395608,0.0,0.0
2006,12,-0.0,-0.0,-0.0,-0.0,-0.0,-0.0,-0.0,-0.0,-0.0,-0.0,-0.0,-0.0,-0.0,-0.0,-7068489.528008461,50931009.668571845,43862520.14056338,473.7768341262497,0.0,0.0
2007,1,-0.0,-0.0,-0.0,-0.0,-0.0,-0.0,-0.0,-0.0,-0.0,-0.0,-0.0,-0.0,-0.0,-0.0,-1057042.6551849013,51770915.235030316,50713872.57984541,481.5899091630727,0.0,0.0
2007,2,-0.0,-0.0,-0.0,-0.0,-0.0,-0.0,-0.0,-0.0,-0.0,-0.0,-0.0,-0.0,-0.0,-0.0,-948668.4940413595,44644788.82604401,43696120.33200265,415.3003611725024,0.0,0.0
2007,3,-0.0,-0.0,-0.0,-0.0,-0.0,-0.0,-0.0,-0.0,-0.0,-0.0,-0.0,-0.0,-0.0,-0.0,-1096214.5784292312,48633480.43342434,47537265.85499511,452.40446914813333,0.0,0.0
2007,4,-0.0,-0.0,-0.0,-0.0,-0.0,-0.0,-0.0,-0.0,-0.0,-0.0,-0.0,-0.0,-0.0,-0.0,-6236801.852885884,41806315.49750519,35569513.6446193,388.89595811632734,0.0,0.0
2007,5,-0.0,-0.0,-0.0,-0.0,-0.0,-0.0,-0.0,-0.0,-0.0,-0.0,-0.0,-0.0,-0.0,-0.0,-9858922.169746453,34411008.53948344,24552086.36973699,320.1024050184506,0.0,0.0
2007,6,-0.0,-0.0,-0.0,-0.0,-0.0,-0.0,-0.0,-0.0,-0.0,-0.0,-0.0,-0.0,-0.0,-0.0,-1091089.9313922138,29194362.425692562,28103272.494300347,271.57546442504713,0.0,0.0
2007,7,-0.0,-0.0,-0.0,-0.0,-0.0,-0.0,-0.0,-0.0,-0.0,-0.0,-0.0,-0.0,-0.0,-0.0,-1021670.7611388154,27096025.599868465,26074354.83872965,252.05605209179967,0.0,0.0
2007,8,-0.0,-0.0,-0.0,-0.0,-0.0,-0.0,-0.0,-0.0,-0.0,-0.0,-0.0,-0.0,-0.0,-0.0,-1022410.7006126144,23400690.2955468,22378279.594934184,217.6808399585749,0.0,0.0
2007,9,-0.0,-0.0,-0.0,-0.0,-0.0,-0.0,-0.0,-0.0,-0.0,-0.0,-0.0,-0.0,-0.0,-0.0,-5355387.517624408,29050816.616940957,23695429.09931655,270.2401545761949,0.0,0.0
2007,10,-0.0,-0.0,-0.0,-0.0,-0.0,-0.0,-0.0,-0.0,-0.0,-0.0,-0.0,-0.0,-0.0,-0.0,-6217786.803982353,43312689.76396425,37094902.959981896,402.9087419903652,0.0,0.0
2007,11,-0.0,-0.0,-0.0,-0.0,-0.0,-0.0,-0.0,-0.0,-0.0,-0.0,-0.0,-0.0,-0.0,-0.0,-7659464.340530414,45829216.14743993,38169751.80690952,426.31828974362725,0.0,0.0
2007,12,-0.0,-0.0,-0.0,-0.0,-0.0,-0.0,-0.0,-0.0,-0.0,-0.0,-0.0,-0.0,-0.0,-0.0,-5073765.157418457,50680551.79834795,45606786.64092949,471.4469934730042,0.0,0.0
2008,1,-0.0,-0.0,-0.0,-0.0,-0.0,-0.0,-0.0,-0.0,-0.0,-0.0,-0.0,-0.0,-0.0,-0.0,-2972026.36044685,51807822.53443923,48835796.17399238,481.93323287850444,0.0,0.0
2008,2,-0.0,-0.0,-0.0,-0.0,-0.0,-0.0,-0.0,-0.0,-0.0,-0.0,-0.0,-0.0,-0.0,-0.0,-2488849.688431212,44791117.91963968,42302268.231208466,416.6615620431598,0.0,0.0
2008,3,-0.0,-0.0,-0.0,-0.0,-0.0,-0.0,-0.0,-0.0,-0.0,-0.0,-0.0,-0.0,-0.0,-0.0,-11242055.961121973,48227762.37609294,36985706.414970964,448.6303476845855,0.0,0.0
2008,4,-0.0,-0.0,-0.0,-0.0,-0.0,-0.0,-0.0,-0.0,-0.0,-0.0,-0.0,-0.0,-0.0,-0.0,-5155914.022878535,42307968.36900308,37152054.346124545,393.5624964558426,0.0,0.0
2008,5,-0.0,-0.0,-0.0,-0.0,-0.0,-0.0,-0.0,-0.0,-0.0,-0.0,-0.0,-0.0,-0.0,-0.0,-2542063.197518891,34681491.255118616,32139428.057599723,322.61852330342896,0.0,0.0
2008,6,-0.0,-0.0,-0.0,-0.0,-0.0,-0.0,-0.0,-0.0,-0.0,-0.0,-0.0,-0.0,-0.0,-0.0,-10627395.541877463,28475104.79913541,17847709.257257946,264.8846958059108,0.0,0.0
2008,7,-0.0,-0.0,-0.0,-0.0,-0.0,-0.0,-0.0,-0.0,-0.0,-0.0,-0.0,-0.0,-0.0,-0.0,-7589361.980185566,26645405.84826478,19056043.868079215,247.86424044897473,0.0,0.0
2008,8,-0.0,-0.0,-0.0,-0.0,-0.0,-0.0,-0.0,-0.0,-0.0,-0.0,-0.0,-0.0,-0.0,-0.0,-7394848.445794137,23099924.467059497,15705076.02126536,214.88301829822785,0.0,0.0
2008,9,-0.0,-0.0,-0.0,-0.0,-0.0,-0.0,-0.0,-0.0,-0.0,-0.0,-0.0,-0.0,-0.0,-0.0,-7054815.055246607,28750011.743578073,21695196.688331466,267.441969707703,0.0,0.0
2008,10,-0.0,-0.0,-0.0,-0.0,-0.0,-0.0,-0.0,-0.0,-0.0,-0.0,-0.0,-0.0,-0.0,-0.0,-2872852.4523553536,43305793.22882443,40432940.776469074,402.84458817511097,0.0,0.0
2008,11,-0.0,-0.0,-0.0,-0.0,-0.0,-0.0,-0.0,-0.0,-0.0,-0.0,-0.0,-0.0,-0.0,-0.0,-1214180.8043737593,46134281.88001748,44920101.075643726,429.1561105117905,0.0,0.0
2008,12,-0.0,-0.0,-0.0,-0.0,-0.0,-0.0,-0.0,-0.0,-0.0,-0.0,-0.0,-0.0,-0.0,-0.0,-7706840.003149406,50919228.991542116,43212388.98839271,473.6672464329499,0.0,0.0
2009,1,-0.0,-0.0,-0.0,-0.0,-0.0,-0.0,-0.0,-0.0,-0.0,-0.0,-0.0,-0.0,-0.0,-0.0,-9072252.711346595,51332737.016825624,42260484.30547903,477.5138327146569,0.0,0.0
2009,2,-0.0,-0.0,-0.0,-0.0,-0.0,-0.0,-0.0,-0.0,-0.0,-0.0,-0.0,-0.0,-0.0,-0.0,-2177584.1673246515,45092487.77289385,42914903.6055692,419.4650025385474,0.0,0.0
2009,3,-0.0,-0.0,-0.0,-0.0,-0.0,-0.0,-0.0,-0.0,-0.0,-0.0,-0.0,-0.0,-0.0,-0.0,-2920352.2128687077,49175353.59087902,46255001.37801032,457.44514968259557,0.0,0.0
2009,4,-0.0,-0.0,-0.0,-0.0,-0.0,-0.0,-0.0,-0.0,-0.0,-0.0,-0.0,-0.0,-0.0,-0.0,-1556421.9755714717,43626726.964309886,42070304.98873842,405.8300182726501,0.0,0.0
2009,5,-0.0,-0.0,-0.0,-0.0,-0.0,-0.0,-0.0,-0.0,-0.0,-0.0,-0.0,-0.0,-0.0,-0.0,-4351892.414093288,34838756.93588597,30486864.521792687,324.0814598687067,0.0,0.0
2009,6,-0.0,-0.0,-0.0,-0.0,-0.0,-0.0,-0.0,-0.0,-0.0,-0.0,-0.0,-0.0,-0.0,-0.0,-11098505.312834071,28687351.580028277,17588846.267194204,266.8590844653793,0.0,0.0
2009,7,-0.0,-0.0,-0.0,-0.0,-0.0,-0.0,-0.0,-0.0,-0.0,-0.0,-0.0,-0.0,-0.0,-0.0,-2638735.429360739,26127480.20245003,23488744.77308929,243.04632746465143,0.0,0.0
2009,8,-0.0,-0.0,-0.0,-0.0,-0.0,-0.0,-0.0,-0.0,-0.0,-0.0,-0.0,-0.0,-0.0,-0.0,-2895872.175572316,23396223.58345971,20500351.40788739,217.6392891484624,0.0,0.0
2009,9,-0.0,-0.0,-0.0,-0.0,-0.0,-0.0,-0.0,-0.0,-0.0,-0.0,-0.0,-0.0,-0.0,-0.0,-1576448.315115908,29073336.49921055,27496888.184094645,270.4496418531214,0.0,0.0
2009,10,-0.0,-0.0,-0.0,-0.0,-0.0,-0.0,-0.0,-0.0,-0.0,-0.0,-0.0,-0.0,-0.0,-0.0,-1045042.5893398123,43137051.012566164,42092008.42322635,401.27489314015037,0.0,0.0
2009,11,-0.0,-0.0,-0.0,-0.0,-0.0,-0.0,-0.0,-0.0,-0.0,-0.0,-0.0,-0.0,-0.0,-0.0,-12675143.444130754,45264070.63237646,32588927.188245706,421.06112216164155,0.0,0.0
2009,12,-0.0,-0.0,-0.0,-0.0,-0.0,-0.0,-0.0,-0.0,-0.0,-0.0,-0.0,-0.0,-0.0,-0.0,-6498756.20013907,50858276.61356963,44359520.413430564,473.1002475680896,0.0,0.0
2010,1,-0.0,-0.0,-0.0,-0.0,-0.0,-0.0,-0.0,-0.0,-0.0,-0.0,-0.0,-0.0,-0.0,-0.0,-1045402.6884271554,51583115.40472207,50537712.716294914,479.8429339974146,0.0,0.0
2010,2,-0.0,-0.0,-0.0,-0.0,-0.0,-0.0,-0.0,-0.0,-0.0,-0.0,-0.0,-0.0,-0.0,-0.0,-907340.5008082202,45173191.15843327,44265850.65762506,420.21573170635605,0.0,0.0
2010,3,-0.0,-0.0,-0.0,-0.0,-0.0,-0.0,-0.0,-0.0,-0.0,-0.0,-0.0,-0.0,-0.0,-0.0,-9422580.51366132,48538787.4898903,39116206.97622898,451.5236045571191,0.0,0.0
2010,4,-0.0,-0.0,-0.0,-0.0,-0.0,-0.0,-0.0,-0.0,-0.0,-0.0,-0.0,-0.0,-0.0,-0.0,-2477780.2631854676,44227403.14311803,41749622.87993257,411.4177036569119,0.0,0.0
2010,5,-0.0,-0.0,-0.0,-0.0,-0.0,-0.0,-0.0,-0.0,-0.0,-0.0,-0.0,-0.0,-0.0,-0.0,-5223168.101247032,35309498.05554556,30086329.95429853,328.4604470283308,0.0,0.0
2010,6,-0.0,-0.0,-0.0,-0.0,-0.0,-0.0,-0.0,-0.0,-0.0,-0.0,-0.0,-0.0,-0.0,-0.0,-12469427.830454152,28438848.99774721,15969421.167293057,264.54743253718334,0.0,0.0
2010,7,-0.0,-0.0,-0.0,-0.0,-0.0,-0.0,-0.0,-0.0,-0.0,-0.0,-0.0,-0.0,-0.0,-0.0,-3429542.527980815,25333852.792066343,21904310.264085528,235.6637469029427,0.0,0.0
2010,8,-0.0,-0.0,-0.0,-0.0,-0.0,-0.0,-0.0,-0.0,-0.0,-0.0,-0.0,-0.0,-0.0,-0.0,-3347202.660579005,23504012.800687414,20156810.14010841,218.64197954127826,0.0,0.0
2010,9,-0.0,-0.0,-0.0,-0.0,-0.0,-0.0,-0.0,-0.0,-0.0,-0.0,-0.0,-0.0,-0.0,-0.0,-5035448.097619794,28715340.755306806,23679892.657687012,267.11944888657496,0.0,0.0
2010,10,-0.0,-0.0,-0.0,-0.0,-0.0,-0.0,-0.0,-0.0,-0.0,-0.0,-0.0,-0.0,-0.0,-0.0,-10448346.66769204,42509725.28852286,32061378.620830823,395.43930500951495,0.0,0.0
2010,11,-0.0,-0.0,-0.0,-0.0,-0.0,-0.0,-0.0,-0.0,-0.0,-0.0,-0.0,-0.0,-0.0,-0.0,-4360916.699789801,45863312.30883473,41502395.60904493,426.6354633379975,0.0,0.0
2010,12,-0.0,-0.0,-0.0,-0.0,-0.0,-0.0,-0.0,-0.0,-0.0,-0.0,-0.0,-0.0,-0.0,-0.0,-4900654.409588931,50972349.19679004,46071694.78720111,474.1613878771167,0.0,0.0
2011,1,-0.0,-0.0,-0.0,-0.0,-0.0,-0.0,-0.0,-0.0,-0.0,-0.0,-0.0,-0.0,-0.0,-0.0,-8871792.362631744,51645031.980367586,42773239.61773584,480.41890214295427,0.0,0.0
2011,2,-0.0,-0.0,-0.0,-0.0,-0.0,-0.0,-0.0,-0.0,-0.0,-0.0,-0.0,-0.0,-0.0,-0.0,-3524269.3771363385,44471722.597922415,40947453.22078608,413.6904427713713,0.0,0.0
2011,3,-0.0,-0.0,-0.0,-0.0,-0.0,-0.0,-0.0,-0.0,-0.0,-0.0,-0.0,-0.0,-0.0,-0.0,-9687263.643988304,49104023.77376835,39416760.12978005,456.78161650017074,0.0,0.0
2011,4,-0.0,-0.0,-0.0,-0.0,-0.0,-0.0,-0.0,-0.0,-0.0,-0.0,-0.0,-0.0,-0.0,-0.0,-1005321.9443518576,44464271.10616087,43458949.16180901,413.62112656893834,0.0,0.0
2011,5,-0.0,-0.0,-0.0,-0.0,-0.0,-0.0,-0.0,-0.0,-0.0,-0.0,-0.0,-0.0,-0.0,-0.0,-3374855.2622055383,36129479.58112718,32754624.318921644,336.08818215002026,0.0,0.0
2011,6,-0.0,-0.0,-0.0,-0.0,-0.0,-0.0,-0.0,-0.0,-0.0,-0.0,-0.0,-0.0,-0.0,-0.0,-10681633.923250569,28675648.005133335,17994014.081882767,266.75021400124035,0.0,0.0
2011,7,-0.0,-0.0,-0.0,-0.0,-0.0,-0.0,-0.0,-0.0,-0.0,-0.0,-0.0,-0.0,-0.0,-0.0,-5086689.096764395,25547384.75125781,20460695.654493414,237.65009070937498,0.0,0.0
2011,8,-0.0,-0.0,-0.0,-0.0,-0.0,-0.0,-0.0,-0.0,-0.0,-0.0,-0.0,-0.0,-0.0,-0.0,-11790965.593501478,22736229.999974456,10945264.406472977,211.49981395325074,0.0,0.0
2011,9,-0.0,-0.0,-0.0,-0.0,-0.0,-0.0,-0.0,-0.0,-0.0,-0.0,-0.0,-0.0,-0.0,-0.0,-2564330.42568283,29226104.508301884,26661774.082619052,271.8707396121105,0.0,0.0
2011,10,-0.0,-0.0,-0.0,-0.0,-0.0,-0.0,-0.0,-0.0,-0.0,-0.0,-0.0,-0.0,-0.0,-0.0,-10591281.485142546,42899440.12639053,32308158.641247988,399.06455931526074,0.0,0.0
2011,11,-0.0,-0.0,-0.0,-0.0,-0.0,-0.0,-0.0,-0.0,-0.0,-0.0,-0.0,-0.0,-0.0,-0.0,-1408999.6470531188,45764523.17901686,44355523.531963736,425.71649468852894,0.0,0.0
2011,12,-0.0,-0.0,-0.0,-0.0,-0.0,-0.0,-0.0,-0.0,-0.0,-0.0,-0.0,-0.0,-0.0,-0.0,-2891595.6992394365,50751706.927730955,47860111.228491515,472.1089016533112,0.0,0.0
2012,1,-0.0,-0.0,-0.0,-0.0,-0.0,-0.0,-0.0,-0.0,-0.0,-0.0,-0.0,-0.0,-0.0,-0.0,-10122467.383865269,51410323.00210989,41287855.618244626,478.2355628103246,0.0,0.0
2012,2,-0.0,-0.0,-0.0,-0.0,-0.0,-0.0,-0.0,-0.0,-0.0,-0.0,-0.0,-0.0,-0.0,-0.0,-1023969.1952791549,44218751.428987876,43194782.233708724,411.337222595236,0.0,0.0
2012,3,-0.0,-0.0,-0.0,-0.0,-0.0,-0.0,-0.0,-0.0,-0.0,-0.0,-0.0,-0.0,-0.0,-0.0,-1050802.7040630623,49193523.13207619,48142720.42801312,457.6141686704762,0.0,0.0
2012,4,-0.0,-0.0,-0.0,-0.0,-0.0,-0.0,-0.0,-0.0,-0.0,-0.0,-0.0,-0.0,-0.0,-0.0,-1016709.9646711993,44397551.884683594,43380841.92001239,413.0004826482195,0.0,0.0
2012,5,-0.0,-0.0,-0.0,-0.0,-0.0,-0.0,-0.0,-0.0,-0.0,-0.0,-0.0,-0.0,-0.0,-0.0,-3973311.681658383,36317282.57813759,32343970.896479208,337.8351867733729,0.0,0.0
2012,6,-0.0,-0.0,-0.0,-0.0,-0.0,-0.0,-0.0,-0.0,-0.0,-0.0,-0.0,-0.0,-0.0,-0.0,-10522621.877682058,28875622.322997265,18353000.445315205,268.61044021392803,0.0,0.0
2012,7,-0.0,-0.0,-0.0,-0.0,-0.0,-0.0,-0.0,-0.0,-0.0,-0.0,-0.0,-0.0,-0.0,-0.0,-4174960.8069601767,25302189.105462477,21127228.2985023,235.3692009810463,0.0,0.0
2012,8,-0.0,-0.0,-0.0,-0.0,-0.0,-0.0,-0.0,-0.0,-0.0,-0.0,-0.0,-0.0,-0.0,-0.0,-13744504.975369612,21922341.323169217,8177836.347799605,203.92875649459737,0.0,0.0
2012,9,-0.0,-0.0,-0.0,-0.0,-0.0,-0.0,-0.0,-0.0,-0.0,-0.0,-0.0,-0.0,-0.0,-0.0,-6501349.783975654,29068185.961604726,22566836.177629072,270.4017298753928,0.0,0.0
2012,10,-0.0,-0.0,-0.0,-0.0,-0.0,-0.0,-0.0,-0.0,-0.0,-0.0,-0.0,-0.0,-0.0,-0.0,-11964545.043936374,42467524.13510726,30502979.091170885,395.04673614053263,0.0,0.0
2012,11,-0.0,-0.0,-0.0,-0.0,-0.0,-0.0,-0.0,-0.0,-0.0,-0.0,-0.0,-0.0,-0.0,-0.0,-5322152.172888021,45834299.14479641,40512146.97190839,426.3655734399666,0.0,0.0
2012,12,-0.0,-0.0,-0.0,-0.0,-0.0,-0.0,-0.0,-0.0,-0.0,-0.0,-0.0,-0.0,-0.0,-0.0,-12918863.294271424,50635958.000076525,37717094.7058051,471.0321674425723,0.0,0.0
2013,1,-0.0,-0.0,-0.0,-0.0,-0.0,-0.0,-0.0,-0.0,-0.0,-0.0,-0.0,-0.0,-0.0,-0.0,-4794320.205378176,51816997.70307372,47022677.49769554,482.0185832844067,0.0,0.0
2013,2,-0.0,-0.0,-0.0,-0.0,-0.0,-0.0,-0.0,-0.0,-0.0,-0.0,-0.0,-0.0,-0.0,-0.0,-961988.4547865975,44297604.87019372,43335616.41540712,412.07074297854626,0.0,0.0
2013,3,-0.0,-0.0,-0.0,-0.0,-0.0,-0.0,-0.0,-0.0,-0.0,-0.0,-0.0,-0.0,-0.0,-0.0,-1011922.7334140772,49656971.59600502,48645048.862590946,461.9253171721398,0.0,0.0
2013,4,-0.0,-0.0,-0.0,-0.0,-0.0,-0.0,-0.0,-0.0,-0.0,-0.0,-0.0,-0.0,-0.0,-0.0,-1048821.9178988682,44299105.60644006,43250283.68854119,412.08470331572147,0.0,0.0
2013,5,-0.0,-0.0,-0.0,-0.0,-0.0,-0.0,-0.0,-0.0,-0.0,-0.0,-0.0,-0.0,-0.0,-0.0,-1028202.7492377083,36754444.2828086,35726241.53357089,341.9018072819405,0.0,0.0
2013,6,-0.0,-0.0,-0.0,-0.0,-0.0,-0.0,-0.0,-0.0,-0.0,-0.0,-0.0,-0.0,-0.0,-0.0,-1023661.8621978224,30223967.810880277,29200305.948682453,281.1531889384212,0.0,0.0
2013,7,-0.0,-0.0,-0.0,-0.0,-0.0,-0.0,-0.0,-0.0,-0.0,-0.0,-0.0,-0.0,-0.0,-0.0,-7990065.124046364,25372839.787859388,17382774.663813025,236.02641663125013,0.0,0.0
2013,8,-0.0,-0.0,-0.0,-0.0,-0.0,-0.0,-0.0,-0.0,-0.0,-0.0,-0.0,-0.0,-0.0,-0.0,-1140242.5954409852,21936039.733355835,20795797.13791485,204.05618356610077,0.0,0.0
2013,9,-0.0,-0.0,-0.0,-0.0,-0.0,-0.0,-0.0,-0.0,-0.0,-0.0,-0.0,-0.0,-0.0,-0.0,-7963563.606244668,27774290.90409255,19810727.297847882,258.3654967822563,0.0,0.0
2013,10,-0.0,-0.0,-0.0,-0.0,-0.0,-0.0,-0.0,-0.0,-0.0,-0.0,-0.0,-0.0,-0.0,-0.0,-7023214.165037401,42874921.63417815,35851707.469140746,398.83648031793626,0.0,0.0
2013,11,-0.0,-0.0,-0.0,-0.0,-0.0,-0.0,-0.0,-0.0,-0.0,-0.0,-0.0,-0.0,-0.0,-0.0,-1018029.8835013764,45729491.34241559,44711461.45891422,425.3906171387497,0.0,0.0
2013,12,-0.0,-0.0,-0.0,-0.0,-0.0,-0.0,-0.0,-0.0,-0.0,-0.0,-0.0,-0.0,-0.0,-0.0,-4234562.420454659,51517789.45413913,47283227.03368447,479.23525073617793,0.0,0.0
2014,1,-0.0,-0.0,-0.0,-0.0,-0.0,-0.0,-0.0,-0.0,-0.0,-0.0,-0.0,-0.0,-0.0,-0.0,-10906246.22115351,51368560.50149591,40462314.2803424,477.8470744325201,0.0,0.0
2014,2,-0.0,-0.0,-0.0,-0.0,-0.0,-0.0,-0.0,-0.0,-0.0,-0.0,-0.0,-0.0,-0.0,-0.0,-2448191.3703092863,44869310.55125843,42421119.180949144,417.38893536054354,0.0,0.0
2014,3,-0.0,-0.0,-0.0,-0.0,-0.0,-0.0,-0.0,-0.0,-0.0,-0.0,-0.0,-0.0,-0.0,-0.0,-3575907.469357275,49268899.10519048,45692991.635833204,458.3153405133998,0.0,0.0
2014,4,-0.0,-0.0,-0.0,-0.0,-0.0,-0.0,-0.0,-0.0,-0.0,-0.0,-0.0,-0.0,-0.0,-0.0,-8901377.648307888,44142808.40713864,35241430.75883075,410.6307758803594,0.0,0.0
2014,5,-0.0,-0.0,-0.0,-0.0,-0.0,-0.0,-0.0,-0.0,-0.0,-0.0,-0.0,-0.0,-0.0,-0.0,-1037985.5777027453,36900016.26521795,35862030.68751521,343.2559652578414,0.0,0.0
2014,6,-0.0,-0.0,-0.0,-0.0,-0.0,-0.0,-0.0,-0.0,-0.0,-0.0,-0.0,-0.0,-0.0,-0.0,-1031929.9734244169,30443561.482700177,29411631.50927576,283.195920769304,0.0,0.0
2014,7,-0.0,-0.0,-0.0,-0.0,-0.0,-0.0,-0.0,-0.0,-0.0,-0.0,-0.0,-0.0,-0.0,-0.0,-10064757.625499642,25626684.208092846,15561926.582593204,238.3877600752823,0.0,0.0
2014,8,-0.0,-0.0,-0.0,-0.0,-0.0,-0.0,-0.0,-0.0,-0.0,-0.0,-0.0,-0.0,-0.0,-0.0,-5857518.559602225,21692445.808530282,15834927.248928057,201.79019356772355,0.0,0.0
2014,9,-0.0,-0.0,-0.0,-0.0,-0.0,-0.0,-0.0,-0.0,-0.0,-0.0,-0.0,-0.0,-0.0,-0.0,-4509865.892826818,27184968.079924736,22675102.18709792,252.88342399929988,0.0,0.0
2014,10,-0.0,-0.0,-0.0,-0.0,-0.0,-0.0,-0.0,-0.0,-0.0,-0.0,-0.0,-0.0,-0.0,-0.0,-3384262.6679194947,42666087.940144725,39281825.27222523,396.8938413036719,0.0,0.0
2014,11,-0.0,-0.0,-0.0,-0.0,-0.0,-0.0,-0.0,-0.0,-0.0,-0.0,-0.0,-0.0,-0.0,-0.0,-12026175.020519517,45198792.429781966,33172617.40926245,420.4538830677392,0.0,0.0
2014,12,-0.0,-0.0,-0.0,-0.0,-0.0,-0.0,-0.0,-0.0,-0.0,-0.0,-0.0,-0.0,-0.0,-0.0,-8122625.482746634,50971644.00071432,42849018.517967686,474.15482791362155,0.0,0.0
2015,1,-0.0,-0.0,-0.0,-0.0,-0.0,-0.0,-0.0,-0.0,-0.0,-0.0,-0.0,-0.0,-0.0,-0.0,-2873212.3580190144,51602834.574892506,48729622.21687349,480.02636813853496,0.0,0.0
2015,2,-0.0,-0.0,-0.0,-0.0,-0.0,-0.0,-0.0,-0.0,-0.0,-0.0,-0.0,-0.0,-0.0,-0.0,-7092866.937655601,44689726.30465873,37596859.367003135,415.71838422938356,0.0,0.0
2015,3,-0.0,-0.0,-0.0,-0.0,-0.0,-0.0,-0.0,-0.0,-0.0,-0.0,-0.0,-0.0,-0.0,-0.0,-6409453.860278845,49077358.021293655,42667904.16101481,456.53356298877816,0.0,0.0
2015,4,-0.0,-0.0,-0.0,-0.0,-0.0,-0.0,-0.0,-0.0,-0.0,-0.0,-0.0,-0.0,-0.0,-0.0,-7912514.4328199355,44373336.664955944,36460822.23213601,412.77522479028784,0.0,0.0
2015,5,-0.0,-0.0,-0.0,-0.0,-0.0,-0.0,-0.0,-0.0,-0.0,-0.0,-0.0,-0.0,-0.0,-0.0,-5707692.502888695,37024124.92976718,31316432.426878482,344.4104644629505,0.0,0.0
2015,6,-0.0,-0.0,-0.0,-0.0,-0.0,-0.0,-0.0,-0.0,-0.0,-0.0,-0.0,-0.0,-0.0,-0.0,-1047609.8732302472,30635464.63697804,29587854.763747793,284.9810663904934,0.0,0.0
2015,7,-0.0,-0.0,-0.0,-0.0,-0.0,-0.0,-0.0,-0.0,-0.0,-0.0,-0.0,-0.0,-0.0,-0.0,-1054202.6485699215,26553405.613580372,25499202.96501045,247.00842431237555,0.0,0.0
2015,8,-0.0,-0.0,-0.0,-0.0,-0.0,-0.0,-0.0,-0.0,-0.0,-0.0,-0.0,-0.0,-0.0,-0.0,-1105302.6593056493,22002373.34157001,20897070.682264358,204.67324038669776,0.0,0.0
2015,9,-0.0,-0.0,-0.0,-0.0,-0.0,-0.0,-0.0,-0.0,-0.0,-0.0,-0.0,-0.0,-0.0,-0.0,-1072081.9681466497,27348927.737193808,26276845.76904716,254.40863011343075,0.0,0.0
2015,10,-0.0,-0.0,-0.0,-0.0,-0.0,-0.0,-0.0,-0.0,-0.0,-0.0,-0.0,-0.0,-0.0,-0.0,-1085602.7523740581,41932906.35024864,40847303.59787458,390.0735474441734,0.0,0.0
2015,11,-0.0,-0.0,-0.0,-0.0,-0.0,-0.0,-0.0,-0.0,-0.0,-0.0,-0.0,-0.0,-0.0,-0.0,-2164554.345581797,46014370.06980075,43849815.72421895,428.04065181209995,0.0,0.0
2015,12,-0.0,-0.0,-0.0,-0.0,-0.0,-0.0,-0.0,-0.0,-0.0,-0.0,-0.0,-0.0,-0.0,-0.0,-11420039.180854635,51091052.63554479,39671013.45469016,475.2656059120446,0.0,0.0
2016,1,-0.0,-0.0,-0.0,-0.0,-0.0,-0.0,-0.0,-0.0,-0.0,-0.0,-0.0,-0.0,-0.0,-0.0,-7082390.559975527,50383781.49318201,43301390.93320648,468.68633947146054,0.0,0.0
2016,2,-0.0,-0.0,-0.0,-0.0,-0.0,-0.0,-0.0,-0.0,-0.0,-0.0,-0.0,-0.0,-0.0,-0.0,-969681.2511534997,44498378.984006695,43528697.7328532,413.93840915355065,0.0,0.0
2016,3,-0.0,-0.0,-0.0,-0.0,-0.0,-0.0,-0.0,-0.0,-0.0,-0.0,-0.0,-0.0,-0.0,-0.0,-8782756.249198914,48478868.06673522,39696111.81753631,450.96621457428114,0.0,0.0
2016,4,-0.0,-0.0,-0.0,-0.0,-0.0,-0.0,-0.0,-0.0,-0.0,-0.0,-0.0,-0.0,-0.0,-0.0,-6249951.527076719,43866116.21068117,37616164.68360445,408.05689498308067,0.0,0.0
2016,5,-0.0,-0.0,-0.0,-0.0,-0.0,-0.0,-0.0,-0.0,-0.0,-0.0,-0.0,-0.0,-0.0,-0.0,-6792963.675034509,37111083.94805295,30318120.273018442,345.2193855632833,0.0,0.0
2016,6,-0.0,-0.0,-0.0,-0.0,-0.0,-0.0,-0.0,-0.0,-0.0,-0.0,-0.0,-0.0,-0.0,-0.0,-10359393.564038336,30529111.910606384,20169718.346568048,283.9917387033152,0.0,0.0
2016,7,-0.0,-0.0,-0.0,-0.0,-0.0,-0.0,-0.0,-0.0,-0.0,-0.0,-0.0,-0.0,-0.0,-0.0,-2063442.4473727092,26789252.971272722,24725810.523900013,249.20235322114158,0.0,0.0
2016,8,-0.0,-0.0,-0.0,-0.0,-0.0,-0.0,-0.0,-0.0,-0.0,-0.0,-0.0,-0.0,-0.0,-0.0,-3772554.6922816546,22154864.022877917,18382309.33059626,206.0917583523527,0.0,0.0
2016,9,-0.0,-0.0,-0.0,-0.0,-0.0,-0.0,-0.0,-0.0,-0.0,-0.0,-0.0,-0.0,-0.0,-0.0,-5098708.079782905,27022371.246899337,21923663.167116433,251.37089531999382,0.0,0.0
2016,10,-0.0,-0.0,-0.0,-0.0,-0.0,-0.0,-0.0,-0.0,-0.0,-0.0,-0.0,-0.0,-0.0,-0.0,-3261946.1558518433,40427892.957482316,37165946.801630475,376.07342286030064,0.0,0.0
2016,11,-0.0,-0.0,-0.0,-0.0,-0.0,-0.0,-0.0,-0.0,-0.0,-0.0,-0.0,-0.0,-0.0,-0.0,-10324286.500714956,44631406.97538702,34307120.474672064,415.1758788408095,0.0,0.0
2016,12,-0.0,-0.0,-0.0,-0.0,-0.0,-0.0,-0.0,-0.0,-0.0,-0.0,-0.0,-0.0,-0.0,-0.0,-9126315.374207402,51205712.04481158,42079396.67060418,476.3322050680147,0.0,0.0
2017,1,-0.0,-0.0,-0.0,-0.0,-0.0,-0.0,-0.0,-0.0,-0.0,-0.0,-0.0,-0.0,-0.0,-0.0,-1029044.1756284812,51852313.77731528,50823269.6016868,482.34710490525845,0.0,0.0
2017,2,-0.0,-0.0,-0.0,-0.0,-0.0,-0.0,-0.0,-0.0,-0.0,-0.0,-0.0,-0.0,-0.0,-0.0,-9170333.536030583,44433014.36144607,35262680.825415485,413.33036615298664,0.0,0.0
2017,3,-0.0,-0.0,-0.0,-0.0,-0.0,-0.0,-0.0,-0.0,-0.0,-0.0,-0.0,-0.0,-0.0,-0.0,-8986385.131188285,48903188.794532545,39916803.663344264,454.9133841351865,0.0,0.0
2017,4,-0.0,-0.0,-0.0,-0.0,-0.0,-0.0,-0.0,-0.0,-0.0,-0.0,-0.0,-0.0,-0.0,-0.0,-1011151.3946586563,44435163.55387156,43424012.1592129,413.35035864066566,0.0,0.0
2017,5,-0.0,-0.0,-0.0,-0.0,-0.0,-0.0,-0.0,-0.0,-0.0,-0.0,-0.0,-0.0,-0.0,-0.0,-1063162.7018257366,36853963.9748796,35790801.27305386,342.82757185934514,0.0,0.0
2017,6,-0.0,-0.0,-0.0,-0.0,-0.0,-0.0,-0.0,-0.0,-0.0,-0.0,-0.0,-0.0,-0.0,-0.0,-5641171.100132553,30602314.029933427,24961142.929800875,284.67268865054353,0.0,0.0
2017,7,-0.0,-0.0,-0.0,-0.0,-0.0,-0.0,-0.0,-0.0,-0.0,-0.0,-0.0,-0.0,-0.0,-0.0,-3828768.335520867,27093687.391178582,23264919.055657715,252.03430131328912,0.0,0.0
2017,8,-0.0,-0.0,-0.0,-0.0,-0.0,-0.0,-0.0,-0.0,-0.0,-0.0,-0.0,-0.0,-0.0,-0.0,-1056330.6121705864,22720483.523623534,21664152.91145295,211.35333510347473,0.0,0.0
2017,9,-0.0,-0.0,-0.0,-0.0,-0.0,-0.0,-0.0,-0.0,-0.0,-0.0,-0.0,-0.0,-0.0,-0.0,-1692841.905302054,27400221.680251293,25707379.774949238,254.88578307210506,0.0,0.0
2017,10,-0.0,-0.0,-0.0,-0.0,-0.0,-0.0,-0.0,-0.0,-0.0,-0.0,-0.0,-0.0,-0.0,-0.0,-6194782.512484804,40373640.89374624,34178858.38126144,375.568752499965,0.0,0.0
2017,11,-0.0,-0.0,-0.0,-0.0,-0.0,-0.0,-0.0,-0.0,-0.0,-0.0,-0.0,-0.0,-0.0,-0.0,-6529974.156539867,43216065.48748885,36686091.330948986,402.0099115115242,0.0,0.0
2017,12,-0.0,-0.0,-0.0,-0.0,-0.0,-0.0,-0.0,-0.0,-0.0,-0.0,-0.0,-0.0,-0.0,-0.0,-6221507.759659166,50929684.41326381,44708176.65360465,473.7645061698959,0.0,0.0
2018,1,-0.0,-0.0,-0.0,-0.0,-0.0,-0.0,-0.0,-0.0,-0.0,-0.0,-0.0,-0.0,-0.0,-0.0,-9296955.599372739,51190884.847359955,41893929.24798722,476.19427764986006,0.0,0.0
2018,2,-0.0,-0.0,-0.0,-0.0,-0.0,-0.0,-0.0,-0.0,-0.0,-0.0,-0.0,-0.0,-0.0,-0.0,-2173745.5358732613,44726266.51349674,42552520.97762348,416.0582931488069,0.0,0.0
2018,3,-0.0,-0.0,-0.0,-0.0,-0.0,-0.0,-0.0,-0.0,-0.0,-0.0,-0.0,-0.0,-0.0,-0.0,-1059202.646038671,48781702.27213553,47722499.62609686,453.783276950098,0.0,0.0
2018,4,-0.0,-0.0,-0.0,-0.0,-0.0,-0.0,-0.0,-0.0,-0.0,-0.0,-0.0,-0.0,-0.0,-0.0,-988222.0080436254,44153310.98890616,43165088.980862536,410.7284743154061,0.0,0.0
2018,5,-0.0,-0.0,-0.0,-0.0,-0.0,-0.0,-0.0,-0.0,-0.0,-0.0,-0.0,-0.0,-0.0,-0.0,-4392010.149681804,36398989.76213757,32006979.612455767,338.59525360127975,0.0,0.0
2018,6,-0.0,-0.0,-0.0,-0.0,-0.0,-0.0,-0.0,-0.0,-0.0,-0.0,-0.0,-0.0,-0.0,-0.0,-11108439.692207351,30612429.077794325,19503989.385586973,284.76678211901697,0.0,0.0
2018,7,-0.0,-0.0,-0.0,-0.0,-0.0,-0.0,-0.0,-0.0,-0.0,-0.0,-0.0,-0.0,-0.0,-0.0,-1568716.738547163,27446594.847197603,25877878.10865044,255.31716136928003,0.0,0.0
2018,8,-0.0,-0.0,-0.0,-0.0,-0.0,-0.0,-0.0,-0.0,-0.0,-0.0,-0.0,-0.0,-0.0,-0.0,-2930732.310996144,22763798.121526074,19833065.81052993,211.75626159559138,0.0,0.0
2018,9,-0.0,-0.0,-0.0,-0.0,-0.0,-0.0,-0.0,-0.0,-0.0,-0.0,-0.0,-0.0,-0.0,-0.0,-9315647.633108014,27495552.207869045,18179904.574761033,255.77257867785158,0.0,0.0
2018,10,-0.0,-0.0,-0.0,-0.0,-0.0,-0.0,-0.0,-0.0,-0.0,-0.0,-0.0,-0.0,-0.0,-0.0,-12058731.34259461,39976517.288593434,27917785.945998825,371.8745794287761,0.0,0.0
2018,11,-0.0,-0.0,-0.0,-0.0,-0.0,-0.0,-0.0,-0.0,-0.0,-0.0,-0.0,-0.0,-0.0,-0.0,-9022220.10161718,42631860.2945519,33609640.19293472,396.5754446004828,0.0,0.0
2018,12,-0.0,-0.0,-0.0,-0.0,-0.0,-0.0,-0.0,-0.0,-0.0,-0.0,-0.0,-0.0,-0.0,-0.0,-7523750.395603925,50757629.745244235,43233879.34964031,472.1639976301789,0.0,0.0
2019,1,-0.0,-0.0,-0.0,-0.0,-0.0,-0.0,-0.0,-0.0,-0.0,-0.0,-0.0,-0.0,-0.0,-0.0,-2688015.1674349657,51806108.98115155,49118093.81371658,481.91729284792143,0.0,0.0
2019,2,-0.0,-0.0,-0.0,-0.0,-0.0,-0.0,-0.0,-0.0,-0.0,-0.0,-0.0,-0.0,-0.0,-0.0,-9338463.589105561,44409711.72674204,35071248.137636475,413.11359745806544,0.0,0.0
2019,3,-0.0,-0.0,-0.0,-0.0,-0.0,-0.0,-0.0,-0.0,-0.0,-0.0,-0.0,-0.0,-0.0,-0.0,-1043002.6243412863,49279074.539779894,48236071.91543861,458.4099957188827,0.0,0.0
2019,4,-0.0,-0.0,-0.0,-0.0,-0.0,-0.0,-0.0,-0.0,-0.0,-0.0,-0.0,-0.0,-0.0,-0.0,-4720411.872624925,43839325.578437835,39118913.70581291,407.8076797994217,0.0,0.0
2019,5,-0.0,-0.0,-0.0,-0.0,-0.0,-0.0,-0.0,-0.0,-0.0,-0.0,-0.0,-0.0,-0.0,-0.0,-10215046.52044401,36701009.07836997,26485962.55792596,341.4047356127439,0.0,0.0
2019,6,-0.0,-0.0,-0.0,-0.0,-0.0,-0.0,-0.0,-0.0,-0.0,-0.0,-0.0,-0.0,-0.0,-0.0,-1033233.9654450885,30946780.42748262,29913546.46203753,287.8770272323965,0.0,0.0
2019,7,-0.0,-0.0,-0.0,-0.0,-0.0,-0.0,-0.0,-0.0,-0.0,-0.0,-0.0,-0.0,-0.0,-0.0,-998842.689071002,27374870.06767522,26376027.37860422,254.64995411790903,0.0,0.0
2019,8,-0.0,-0.0,-0.0,-0.0,-0.0,-0.0,-0.0,-0.0,-0.0,-0.0,-0.0,-0.0,-0.0,-0.0,-2266341.9829591843,23131811.773832787,20865469.790873602,215.17964440774685,0.0,0.0
2019,9,-0.0,-0.0,-0.0,-0.0,-0.0,-0.0,-0.0,-0.0,-0.0,-0.0,-0.0,-0.0,-0.0,-0.0,-2824514.2300108774,28301046.99183374,25476532.76182286,263.26555341240686,0.0,0.0
2019,10,-0.0,-0.0,-0.0,-0.0,-0.0,-0.0,-0.0,-0.0,-0.0,-0.0,-0.0,-0.0,-0.0,-0.0,-1608000.9662999944,40978338.70467534,39370337.73837534,381.1938484155845,0.0,0.0
2019,11,-0.0,-0.0,-0.0,-0.0,-0.0,-0.0,-0.0,-0.0,-0.0,-0.0,-0.0,-0.0,-0.0,-0.0,-9110567.412784392,42910822.9255942,33800255.51280981,399.17044581948096,0.0,0.0
2019,12,-0.0,-0.0,-0.0,-0.0,-0.0,-0.0,-0.0,-0.0,-0.0,-0.0,-0.0,-0.0,-0.0,-0.0,-9881899.160489513,47777411.66877399,37895512.50828447,444.4410387792929,0.0,0.0
2020,1,-0.0,-0.0,-0.0,-0.0,-0.0,-0.0,-0.0,-0.0,-0.0,-0.0,-0.0,-0.0,-0.0,-0.0,-1055282.7899781968,51286109.769854724,50230826.979876526,477.0800908823696,0.0,0.0
2020,2,-0.0,-0.0,-0.0,-0.0,-0.0,-0.0,-0.0,-0.0,-0.0,-0.0,-0.0,-0.0,-0.0,-0.0,-9878796.332903044,44366900.88700074,34488104.5540977,412.715357088379,0.0,0.0
2020,3,-0.0,-0.0,-0.0,-0.0,-0.0,-0.0,-0.0,-0.0,-0.0,-0.0,-0.0,-0.0,-0.0,-0.0,-6858871.618895737,48830791.32222515,41971919.703329414,454.23991927651304,0.0,0.0
2020,4,-0.0,-0.0,-0.0,-0.0,-0.0,-0.0,-0.0,-0.0,-0.0,-0.0,-0.0,-0.0,-0.0,-0.0,-977302.0150105252,44605286.115661435,43627984.10065091,414.93289409917617,0.0,0.0
2020,5,-0.0,-0.0,-0.0,-0.0,-0.0,-0.0,-0.0,-0.0,-0.0,-0.0,-0.0,-0.0,-0.0,-0.0,-1080202.6092863637,36813383.00830193,35733180.39901557,342.4500744958319,0.0,0.0
2020,6,-0.0,-0.0,-0.0,-0.0,-0.0,-0.0,-0.0,-0.0,-0.0,-0.0,-0.0,-0.0,-0.0,-0.0,-4629376.57176451,30327409.071208287,25698032.499443777,282.11543322054223,0.0,0.0
2020,7,-0.0,-0.0,-0.0,-0.0,-0.0,-0.0,-0.0,-0.0,-0.0,-0.0,-0.0,-0.0,-0.0,-0.0,-10284105.75417877,26620751.181093413,16336645.426914643,247.6348947078457,0.0,0.0
2020,8,-0.0,-0.0,-0.0,-0.0,-0.0,-0.0,-0.0,-0.0,-0.0,-0.0,-0.0,-0.0,-0.0,-0.0,-2409799.3617489845,23073655.998454943,20663856.636705957,214.63866045074366,0.0,0.0
2020,9,-0.0,-0.0,-0.0,-0.0,-0.0,-0.0,-0.0,-0.0,-0.0,-0.0,-0.0,-0.0,-0.0,-0.0,-1031442.0213895323,28614814.48719305,27583372.46580352,266.18432081109813,0.0,0.0
2020,10,-0.0,-0.0,-0.0,-0.0,-0.0,-0.0,-0.0,-0.0,-0.0,-0.0,-0.0,-0.0,-0.0,-0.0,-8730731.670336394,40823467.98279017,32092736.312453777,379.753190537583,0.0,0.0
2020,11,-0.0,-0.0,-0.0,-0.0,-0.0,-0.0,-0.0,-0.0,-0.0,-0.0,-0.0,-0.0,-0.0,-0.0,-7370304.670233696,42687302.362669915,35316997.69243622,397.09118476902245,0.0,0.0
2020,12,-0.0,-0.0,-0.0,-0.0,-0.0,-0.0,-0.0,-0.0,-0.0,-0.0,-0.0,-0.0,-0.0,-0.0,-4092634.2858804553,47941133.11391696,43848498.82803651,445.96402896666945,0.0,0.0
